yaqeen,"Sidelined: The QB & Me,Sidelined: The QB & Me"
yaqeen,"Sidelined: The QB & Me,Sidelined: The QB & Me,The Merry Gentlemen,The Merry Gentlemen"
yaqeen,"Sidelined: The QB & Me,Sidelined: The QB & Me,The Merry Gentlemen,The Merry Gentlemen,Moana 2"
yaqeen,"Sidelined: The QB & Me,Sidelined: The QB & Me,The Merry Gentlemen,The Merry Gentlemen,Moana 2"
borooj,Krampus
borooj,Krampus
yaqeen,"Sidelined: The QB & Me,Sidelined: The QB & Me,The Merry Gentlemen,The Merry Gentlemen,Moana 2"
borooj,"Krampus,Arena Wars"
borooj,"Krampus,Arena Wars"
Admin,Anora
Admin,"Anora,Moana"
Admin,"Anora,Moana,Shrek,Shrek,Shrek"
Admin,"Anora,Moana,Shrek,Shrek,Shrek,Moana 2"
